{
  "prepare_queue": {
    "installed": [],
    "uninstalled": []
  },
  "config_munge": {
    "files": {
      "config.xml": {
        "parents": {
          "/*": [
            {
              "xml": "<feature name=\"CDVWKWebViewEngine\"><param name=\"ios-package\" value=\"CDVWKWebViewEngine\" /></feature>",
              "count": 1
            },
            {
              "xml": "<preference name=\"CordovaWebViewEngine\" value=\"CDVWKWebViewEngine\" />",
              "count": 1
            },
            {
              "xml": "<feature name=\"Console\"><param name=\"ios-package\" value=\"CDVLogger\" /></feature>",
              "count": 1
            },
            {
              "xml": "<feature name=\"Network\"><param name=\"ios-package\" value=\"FLNetwork\" /></feature>",
              "count": 1
            }
          ]
        }
      }
    }
  },
  "installed_plugins": {
    "cordova-plugin-whitelist": {
      "PACKAGE_NAME": "top.faylib.demo"
    },
    "cordova-plugin-wkwebview-engine": {
      "PACKAGE_NAME": "top.faylib.demo"
    },
    "cordova-plugin-console": {
      "PACKAGE_NAME": "top.faylib.demo"
    }
  },
  "dependent_plugins": {},
  "modules": [
    {
      "id": "cordova-plugin-wkwebview-engine.ios-wkwebview-exec",
      "file": "plugins/cordova-plugin-wkwebview-engine/src/www/ios/ios-wkwebview-exec.js",
      "pluginId": "cordova-plugin-wkwebview-engine",
      "clobbers": [
        "cordova.exec"
      ]
    },
    {
      "id": "cordova-plugin-wkwebview-engine.ios-wkwebview",
      "file": "plugins/cordova-plugin-wkwebview-engine/src/www/ios/ios-wkwebview.js",
      "pluginId": "cordova-plugin-wkwebview-engine",
      "clobbers": [
        "window.WkWebView"
      ]
    },
    {
      "id": "cordova-plugin-console.console",
      "file": "plugins/cordova-plugin-console/www/console-via-logger.js",
      "pluginId": "cordova-plugin-console",
      "clobbers": [
        "console"
      ]
    },
    {
      "id": "cordova-plugin-console.logger",
      "file": "plugins/cordova-plugin-console/www/logger.js",
      "pluginId": "cordova-plugin-console",
      "clobbers": [
        "cordova.logger"
      ]
    }
  ],
  "plugin_metadata": {
    "cordova-plugin-whitelist": "1.3.3",
    "cordova-plugin-wkwebview-engine": "1.1.4",
    "cordova-plugin-console": "1.1.0"
  }
}
