{
    "prepare_queue": {
        "installed": [],
        "uninstalled": []
    },
    "config_munge": {
        "files": {
            "config.xml": {
                "parents": {
                    "/*": [
                        {
                            "xml": "<feature name=\"Device\"><param name=\"ios-package\" value=\"CDVDevice\" /></feature>",
                            "count": 1
                        },
                        {
                            "xml": "<feature name=\"Keyboard\"><param name=\"ios-package\" onload=\"true\" value=\"CDVIonicKeyboard\" /></feature>",
                            "count": 1
                        },
                        {
                            "xml": "<allow-navigation href=\"http://localhost:8080/*\" />",
                            "count": 1
                        },
                        {
                            "xml": "<allow-navigation href=\"http://127.0.0.1:8080/*\" />",
                            "count": 1
                        },
                        {
                            "xml": "<allow-navigation href=\"ionic://*\" />",
                            "count": 1
                        },
                        {
                            "xml": "<feature name=\"IonicWebView\"><param name=\"ios-package\" value=\"CDVWKWebViewEngine\" /></feature>",
                            "count": 1
                        },
                        {
                            "xml": "<preference name=\"CordovaWebViewEngine\" value=\"CDVWKWebViewEngine\" />",
                            "count": 1
                        },
                        {
                            "xml": "<feature name=\"SplashScreen\"><param name=\"ios-package\" value=\"CDVSplashScreen\" /><param name=\"onload\" value=\"true\" /></feature>",
                            "count": 1
                        },
                        {
                            "xml": "<feature name=\"StatusBar\"><param name=\"ios-package\" value=\"CDVStatusBar\" /><param name=\"onload\" value=\"true\" /></feature>",
                            "count": 1
                        },
                        {
                            "xml": "<preference name=\"StatusBarOverlaysWebView\" value=\"true\" />",
                            "count": 1
                        },
                        {
                            "xml": "<preference name=\"StatusBarStyle\" value=\"lightcontent\" />",
                            "count": 1
                        },
                        {
                            "xml": "<feature name=\"Console\"><param name=\"ios-package\" value=\"CDVLogger\" /></feature>",
                            "count": 1
                        },
                        {
                            "xml": "<feature name=\"Network\"><param name=\"ios-package\" value=\"FLNetwork\" /></feature>",
                            "count": 1
                        }
                    ]
                }
            }
        }
    },
    "installed_plugins": {
        "cordova-plugin-device": {
            "PACKAGE_NAME": "io.ionic.starter"
        },
        "cordova-plugin-ionic-keyboard": {
            "PACKAGE_NAME": "io.ionic.starter"
        },
        "cordova-plugin-ionic-webview": {
            "PACKAGE_NAME": "io.ionic.starter"
        },
        "cordova-plugin-splashscreen": {
            "PACKAGE_NAME": "io.ionic.starter"
        },
        "cordova-plugin-statusbar": {
            "PACKAGE_NAME": "io.ionic.starter"
        },
        "cordova-plugin-whitelist": {
            "PACKAGE_NAME": "io.ionic.starter"
        },
        "cordova-plugin-console": {
            "PACKAGE_NAME": "top.faylib.demo"
        },
        "faylib-plugin-base": {
            "PACKAGE_NAME": "top.faylib.demo"
        },
        "faylib-plugin-network": {
            "PACKAGE_NAME": "top.faylib.demo"
        }
    },
    "dependent_plugins": {},
    "modules": [
        {
            "id": "cordova-plugin-device.device",
            "file": "plugins/cordova-plugin-device/www/device.js",
            "pluginId": "cordova-plugin-device",
            "clobbers": [
                "device"
            ]
        },
        {
            "id": "cordova-plugin-ionic-keyboard.keyboard",
            "file": "plugins/cordova-plugin-ionic-keyboard/www/ios/keyboard.js",
            "pluginId": "cordova-plugin-ionic-keyboard",
            "clobbers": [
                "window.Keyboard"
            ]
        },
        {
            "id": "cordova-plugin-ionic-webview.IonicWebView",
            "file": "plugins/cordova-plugin-ionic-webview/src/www/util.js",
            "pluginId": "cordova-plugin-ionic-webview",
            "clobbers": [
                "Ionic.WebView"
            ]
        },
        {
            "id": "cordova-plugin-ionic-webview.ios-wkwebview-exec",
            "file": "plugins/cordova-plugin-ionic-webview/src/www/ios/ios-wkwebview-exec.js",
            "pluginId": "cordova-plugin-ionic-webview",
            "clobbers": [
                "cordova.exec"
            ]
        },
        {
            "id": "cordova-plugin-splashscreen.SplashScreen",
            "file": "plugins/cordova-plugin-splashscreen/www/splashscreen.js",
            "pluginId": "cordova-plugin-splashscreen",
            "clobbers": [
                "navigator.splashscreen"
            ]
        },
        {
            "id": "cordova-plugin-statusbar.statusbar",
            "file": "plugins/cordova-plugin-statusbar/www/statusbar.js",
            "pluginId": "cordova-plugin-statusbar",
            "clobbers": [
                "window.StatusBar"
            ]
        },
        {
            "id": "cordova-plugin-console.console",
            "file": "plugins/cordova-plugin-console/www/console-via-logger.js",
            "pluginId": "cordova-plugin-console",
            "clobbers": [
                "console"
            ]
        },
        {
            "id": "cordova-plugin-console.logger",
            "file": "plugins/cordova-plugin-console/www/logger.js",
            "pluginId": "cordova-plugin-console",
            "clobbers": [
                "cordova.logger"
            ]
        },
        {
            "id": "faylib-plugin-base.Plugin",
            "file": "plugins/faylib-plugin-base/www/plugin.js",
            "pluginId": "faylib-plugin-base"
        },
        {
            "id": "faylib-plugin-network.Network",
            "file": "plugins/faylib-plugin-network/www/network.js",
            "pluginId": "faylib-plugin-network",
            "clobbers": [
                "faylib.network"
            ]
        }
    ],
    "plugin_metadata": {
        "cordova-plugin-device": "2.0.2",
        "cordova-plugin-ionic-keyboard": "2.1.3",
        "cordova-plugin-ionic-webview": "2.3.1",
        "cordova-plugin-splashscreen": "5.0.2",
        "cordova-plugin-statusbar": "2.4.2",
        "cordova-plugin-whitelist": "1.3.3",
        "cordova-plugin-console": "1.1.0",
        "faylib-plugin-base": "0.0.1",
        "faylib-plugin-network": "0.0.1"
    }
}